KD32,images/KD32.png,images/1.png
KD33,images/KD33.png,images/2.png
KD34,images/KD34.png,images/3.png
SK06,images/SK06.png,images/4.png
SK07,images/SK07.png,images/1.png
SK08,images/SK08.png,images/2.png
SK09,images/SK09.png,images/3.png
SK10,images/SK10.png,images/4.png
SK11,images/SK11.png,images/1.png
SK12,images/SK12.png,images/2.png
SK13,images/SK13.png,images/3.png
SK14,images/SK14.png,images/4.png
SK15,images/SK15.png,images/1.png
SK16,images/SK16.png,images/2.png
SK17,images/SK17.png,images/3.png
SK18,images/SK18.png,images/4.png
SK19,images/SK11.png,images/1.png
SK20,images/SK12.png,images/2.png
SK21,images/SK13.png,images/3.png
SK22,images/SK14.png,images/4.png
SK23,images/SK15.png,images/1.png
SK24,images/SK16.png,images/2.png
SK25,images/SK17.png,images/3.png
SK26,images/SK18.png,images/4.png
SK27,images/SK11.png,images/1.png
SK28,images/SK12.png,images/2.png
SK29,images/SK13.png,images/3.png
SK30,images/SK14.png,images/4.png
SK31,images/SK15.png,images/1.png
SK32,images/SK16.png,images/2.png
SK33,images/SK17.png,images/3.png
SK34,images/SK18.png,images/4.png
SK35,images/SK11.png,images/1.png
SK36,images/SK12.png,images/2.png
SK37,images/SK13.png,images/3.png
SK38,images/SK14.png,images/4.png
SK39,images/SK15.png,images/1.png
SK40,images/SK16.png,images/2.png
SK41,images/SK17.png,images/3.png
SK42,images/SK18.png,images/4.png
SK43,images/SK11.png,images/1.png
SK44,images/SK12.png,images/2.png
SK45,images/SK13.png,images/3.png
SK46,images/SK14.png,images/4.png
SK47,images/SK15.png,images/1.png
SK48,images/SK16.png,images/2.png
SK49,images/SK17.png,images/3.png
SK50,images/SK18.png,images/4.png
SK51,images/SK11.png,images/1.png
SK52,images/SK12.png,images/2.png
SK53,images/SK13.png,images/3.png
SK54,images/SK14.png,images/4.png
SK55,images/SK15.png,images/1.png
SK56,images/SK16.png,images/2.png
SK57,images/SK17.png,images/3.png
SK58,images/SK18.png,images/4.png
SK59,images/SK11.png,images/1.png
SK60,images/SK12.png,images/2.png
SK61,images/SK13.png,images/3.png
SK62,images/SK14.png,images/4.png
SK63,images/SK15.png,images/1.png
SK64,images/SK16.png,images/2.png
SK65,images/SK17.png,images/3.png
SK66,images/SK18.png,images/4.png
SK67,images/SK11.png,images/1.png
SK68,images/SK12.png,images/2.png
SK69,images/SK13.png,images/3.png
SK70,images/SK14.png,images/4.png
SK71,images/SK15.png,images/1.png
SK72,images/SK16.png,images/2.png
SK73,images/SK17.png,images/3.png
SK74,images/SK18.png,images/4.png
SK75,images/SK11.png,images/1.png
SK76,images/SK12.png,images/2.png
SK77,images/SK13.png,images/3.png
SK78,images/SK14.png,images/4.png
SK79,images/SK15.png,images/1.png
SK80,images/SK16.png,images/2.png
SK81,images/SK17.png,images/3.png
SK82,images/SK18.png,images/4.png
SK83,images/SK11.png,images/1.png
SK84,images/SK12.png,images/2.png
SK85,images/SK13.png,images/3.png
SK86,images/SK14.png,images/4.png
SK87,images/SK15.png,images/1.png
SK88,images/SK16.png,images/2.png
SK89,images/SK17.png,images/3.png
SK90,images/SK18.png,images/4.png
SK91,images/SK11.png,images/1.png
SK92,images/SK12.png,images/2.png
SK93,images/SK13.png,images/3.png
SK94,images/SK14.png,images/4.png
SK95,images/SK15.png,images/1.png
SK96,images/SK16.png,images/2.png
SK97,images/SK17.png,images/3.png
SK98,images/SK18.png,images/4.png
SK99,images/SK11.png,images/1.png
SK100,images/SK12.png,images/2.png
SK101,images/SK13.png,images/3.png
SK102,images/SK14.png,images/4.png
SK103,images/SK15.png,images/1.png
SK104,images/SK16.png,images/2.png
SK105,images/SK17.png,images/3.png
SK106,images/SK18.png,images/4.png
SK107,images/SK11.png,images/1.png
SK108,images/SK12.png,images/2.png
SK109,images/SK13.png,images/3.png
SK110,images/SK14.png,images/4.png
SK111,images/SK15.png,images/1.png
SK112,images/SK16.png,images/2.png
SK113,images/SK17.png,images/3.png
SK114,images/SK18.png,images/4.png
SK115,images/SK11.png,images/1.png
SK116,images/SK12.png,images/2.png
SK117,images/SK13.png,images/3.png
SK118,images/SK14.png,images/4.png
SK119,images/SK15.png,images/1.png
SK120,images/SK16.png,images/2.png
SK121,images/SK17.png,images/3.png
SK122,images/SK18.png,images/4.png
SK123,images/SK11.png,images/1.png
SK124,images/SK12.png,images/2.png
SK125,images/SK13.png,images/3.png
SK126,images/SK14.png,images/4.png
SK127,images/SK15.png,images/1.png
SK128,images/SK16.png,images/2.png
SK129,images/SK17.png,images/3.png
SK130,images/SK18.png,images/4.png
SK131,images/SK11.png,images/1.png
SK132,images/SK12.png,images/2.png
SK133,images/SK13.png,images/3.png
SK134,images/SK14.png,images/4.png
SK135,images/SK15.png,images/1.png
SK136,images/SK16.png,images/2.png
SK137,images/SK17.png,images/3.png
SK138,images/SK18.png,images/4.png
SK139,images/SK11.png,images/1.png
SK140,images/SK12.png,images/2.png
SK141,images/SK13.png,images/3.png
SK142,images/SK14.png,images/4.png
SK143,images/SK15.png,images/1.png
SK144,images/SK16.png,images/2.png
SK145,images/SK17.png,images/3.png
SK146,images/SK18.png,images/4.png
SK147,images/SK11.png,images/1.png
SK148,images/SK12.png,images/2.png
SK149,images/SK13.png,images/3.png
SK150,images/SK14.png,images/4.png
SK151,images/SK15.png,images/1.png
SK152,images/SK16.png,images/2.png
SK153,images/SK17.png,images/3.png
SK154,images/SK18.png,images/4.png
SK155,images/SK11.png,images/1.png
SK156,images/SK12.png,images/2.png
SK157,images/SK13.png,images/3.png
SK158,images/SK14.png,images/4.png
SK159,images/SK15.png,images/1.png
SK160,images/SK16.png,images/2.png
SK161,images/SK17.png,images/3.png
SK162,images/SK18.png,images/4.png
SK163,images/SK11.png,images/1.png
SK164,images/SK12.png,images/2.png
SK165,images/SK13.png,images/3.png
SK166,images/SK14.png,images/4.png
SK167,images/SK15.png,images/1.png
SK168,images/SK16.png,images/2.png
SK169,images/SK17.png,images/3.png
SK170,images/SK18.png,images/4.png
SK171,images/SK11.png,images/1.png
SK172,images/SK12.png,images/2.png
SK173,images/SK13.png,images/3.png
SK174,images/SK14.png,images/4.png
SK175,images/SK15.png,images/1.png
SK176,images/SK16.png,images/2.png
SK177,images/SK17.png,images/3.png
SK178,images/SK18.png,images/4.png
SK179,images/SK11.png,images/1.png
SK180,images/SK12.png,images/2.png
SK181,images/SK13.png,images/3.png
SK182,images/SK14.png,images/4.png
SK183,images/SK15.png,images/1.png
SK184,images/SK16.png,images/2.png
SK185,images/SK11.png,images/1.png
SK186,images/SK12.png,images/2.png
SK187,images/SK13.png,images/3.png
SK188,images/SK14.png,images/4.png
SK189,images/SK15.png,images/1.png
SK190,images/SK16.png,images/2.png
SK191,images/SK17.png,images/3.png
SK192,images/SK18.png,images/4.png
SK193,images/SK11.png,images/1.png
SK194,images/SK12.png,images/2.png
SK195,images/SK13.png,images/3.png
SK196,images/SK14.png,images/4.png
SK197,images/SK15.png,images/1.png
SK198,images/SK16.png,images/2.png
SK199,images/SK17.png,images/3.png
SK200,images/SK18.png,images/4.png
SK201,images/SK11.png,images/1.png
SK202,images/SK12.png,images/2.png
SK203,images/SK13.png,images/3.png